Player,Pos,Age
Quincy Acy,PF,24
Jordan Adams,SG,20
Steven Adams,C,21
Jeff Adrien,PF,28
Arron Afflalo,SG,29
Arron Afflalo,SG,29
Arron Afflalo,SG,29
Alexis Ajinça,C,26
Furkan Aldemir,PF,23
Cole Aldrich,C,26
LaMarcus Aldridge,PF,29
Lavoy Allen,C,25
Tony Allen,SG,33
Al-Farouq Aminu,SF,24
Lou Amundson,PF,32
Lou Amundson,PF,32
Lou Amundson,PF,32
Chris Andersen,C,36
Alan Anderson,SG,32
Kyle Anderson,SF,21
Ryan Anderson,PF,26
Giannis Antetokounmpo,SG,20
Carmelo Anthony,SF,30
Joel Anthony,C,32
Player,Pos,Age
Pero Antić,C,32
Trevor Ariza,SF,29
Darrell Arthur,PF,26
Ömer Aşık,C,28
D.J. Augustin,PG,27
D.J. Augustin,PG,27
D.J. Augustin,PG,27
Jeff Ayres,PF,27
Luke Babbitt,SF,25
Cameron Bairstow,PF,24
Leandro Barbosa,SG,32
J.J. Barea,PG,30
Andrea Bargnani,C,29
Harrison Barnes,SF,22
Matt Barnes,SF,34
Earl Barron,C,33
Will Barton,SG,24
Will Barton,SG,24
Will Barton,SG,24
Brandon Bass,PF,29
Nicolas Batum,SF,26
Jerryd Bayless,PG,26
Aron Baynes,C,28
Kent Bazemore,SG,25
Player,Pos,Age
Bradley Beal,SG,21
Michael Beasley,PF,26
Marco Belinelli,SG,28
Jerrelle Benimon,PF,23
Anthony Bennett,PF,21
Patrick Beverley,PG,26
Sim Bhullar,C,22
Bismack Biyombo,C,22
Tarik Black,C,23
Tarik Black,C,23
Tarik Black,C,23
DeJuan Blair,PF,25
Steve Blake,PG,34
Eric Bledsoe,PG,25
Vander Blue,SG,22
Bojan Bogdanović,SF,25
Andrew Bogut,C,30
Matt Bonner,PF,34
Trevor Booker,PF,27
Carlos Boozer,PF,33
Chris Bosh*,C,30
Avery Bradley,SG,24
Player,Pos,Age
Elton Brand,C,35
Corey Brewer,SF,28
Corey Brewer,SF,28
Corey Brewer,SF,28
Aaron Brooks,PG,30
Jabari Brown,SG,22
Lorenzo Brown,PG,24
Markel Brown,SG,23
Shannon Brown,SG,29
Kobe Bryant*,SG,36
Chase Budinger,SF,26
Reggie Bullock,SF,23
Reggie Bullock,SF,23
Reggie Bullock,SF,23
Trey Burke,PG,22
Alec Burks,SG,23
Caron Butler,SF,34
Jimmy Butler,SG,25
Rasual Butler,SF,35
Dwight Buycks,PG,25
Will Bynum,SG,32
Bruno Caboclo,SF,19
Nick Calathes,SG,25
José Calderón,PG,33
Player,Pos,Age
Kentavious Caldwell-Pope,SG,21
Isaiah Canaan,PG,23
Isaiah Canaan,PG,23
Isaiah Canaan,PG,23
Clint Capela,C,20
DeMarre Carroll,SF,28
Vince Carter,SG,38
Michael Carter-Williams,PG,23
Michael Carter-Williams,PG,23
Michael Carter-Williams,PG,23
Omri Casspi,SF,26
Mario Chalmers,PG,28
Tyson Chandler,C,32
Wilson Chandler,SF,27
Will Cherry,PG,23
Patrick Christopher,SG,26
Earl Clark,PF,27
Ian Clark,SG,23
Ian Clark,SG,23
Ian Clark,SG,23
Jordan Clarkson,PG,22
Victor Claver,SF,26
Norris Cole,PG,26
Norris Cole,PG,26
Norris Cole,PG,26
Darren Collison,PG,27
Nick Collison,PF,34
Mike Conley,PG,27
Player,Pos,Age
Jack Cooley,C,23
Chris Copeland,SF,30
Bryce Cotton,PG,22
DeMarcus Cousins,C,24
Robert Covington,SF,24
Allen Crabbe,SG,22
Jamal Crawford,SG,34
Jae Crowder,SF,24
Jae Crowder,SF,24
Jae Crowder,SF,24
Dante Cunningham,PF,27
Jared Cunningham,SG,23
Seth Curry,PG,24
Stephen Curry,PG,26
Samuel Dalembert,C,33
Troy Daniels,SG,23
Troy Daniels,SG,23
Troy Daniels,SG,23
Troy Daniels,SG,23
Gigi Datome,SF,27
Gigi Datome,SF,27
Gigi Datome,SF,27
Brandon Davies,PF,23
Brandon Davies,PF,23
Brandon Davies,PF,23
Anthony Davis,PF,21
Ed Davis,PF,25
Glen Davis,PF,29
Andre Dawkins,SG,23
Player,Pos,Age
Austin Daye,SF,26
Austin Daye,SF,26
Austin Daye,SF,26
Dewayne Dedmon,C,25
Matthew Dellavedova,SG,24
Luol Deng,SF,29
DeMar DeRozan,SG,25
Boris Diaw,PF,32
Gorgui Dieng,C,25
Spencer Dinwiddie,PG,21
Joey Dorsey,PF,31
Toney Douglas,SG,28
Chris Douglas-Roberts,SG,28
Goran Dragić,SG-PG,28
Goran Dragić,SG,28
Goran Dragić,PG,28
Zoran Dragić,SG,25
Zoran Dragić,SG,25
Zoran Dragić,SG,25
Larry Drew II,PG,24
Andre Drummond,C,21
Jared Dudley,SG,29
Tim Duncan*,C,38
Mike Dunleavy,SF,34
Kevin Durant,SF,26
Cleanthony Early,SF,23
Player,Pos,Age
Wayne Ellington,SG,27
Monta Ellis,SG,29
James Ennis III,SF,24
Tyler Ennis,PG,20
Tyler Ennis,PG,20
Tyler Ennis,PG,20
Jeremy Evans,SF,27
Reggie Evans,PF,34
Tyreke Evans,SG,25
Dante Exum,PG,19
Festus Ezeli,C,25
Kenneth Faried,PF,25
Jordan Farmar,PG,28
Derrick Favors,PF,23
Raymond Felton,PG,30
Landry Fields,SF,26
Evan Fournier,SG,22
Randy Foye,SG,31
Jamaal Franklin,SG,23
Tim Frazier,PG,24
Tim Frazier,PG,24
Tim Frazier,PG,24
Jimmer Fredette,PG,25
Enes Freedom,C,22
Enes Freedom,C,22
Enes Freedom,C,22
Player,Pos,Age
Joel Freeland,C,27
Channing Frye,PF,31
Danilo Gallinari,SF,26
Langston Galloway,PG,23
Francisco García,SF,33
Kevin Garnett*,PF,38
Kevin Garnett*,PF,38
Kevin Garnett*,PF,38
Marc Gasol,C,30
Pau Gasol,PF,34
Rudy Gay,SF,28
Alonzo Gee,SF,27
Alonzo Gee,SF,27
Alonzo Gee,SF,27
Paul George,SF,24
Taj Gibson,PF,29
Manu Ginóbili*,SG,37
Rudy Gobert,C,22
Drew Gooden,PF,33
Archie Goodwin,SG,20
Aaron Gordon,PF,19
Ben Gordon,SG,31
Drew Gordon,PF,24
Eric Gordon,SG,26
Player,Pos,Age
Marcin Gortat,C,30
Danny Granger,SF,31
Jerami Grant,SF,20
Danny Green,SG,27
Draymond Green,PF,24
Erick Green,PG,23
Gerald Green,SG,29
JaMychal Green,PF,24
JaMychal Green,PF,24
JaMychal Green,PF,24
Jeff Green,SF,28
Jeff Green,SF,28
Jeff Green,SF,28
Willie Green,SG,33
Blake Griffin,PF,25
Jorge Gutiérrez,PG,26
Jorge Gutiérrez,PG,26
Jorge Gutiérrez,PG,26
P.J. Hairston,SG,22
Jordan Hamilton,SF,24
Justin Hamilton,C,24
Justin Hamilton,C,24
Justin Hamilton,C,24
Tyler Hansbrough,PF,29
Tim Hardaway Jr.,SG,22
James Harden,SG,25
Maurice Harkless,SF,21
Devin Harris,PG,31
Player,Pos,Age
Gary Harris,SG,20
Joe Harris,SG,23
Tobias Harris,SF,22
Udonis Haslem,PF,34
Spencer Hawes,PF,26
Chuck Hayes,C,31
Gordon Hayward,SF,24
Brendan Haywood,C,35
Gerald Henderson,SG,27
Xavier Henry,SF,23
John Henson,C,24
Roy Hibbert,C,28
J.J. Hickson,C,26
Nenê,PF,32
George Hill,PG,28
Jordan Hill,C,27
Solomon Hill,SF,23
Kirk Hinrich,SG,34
Jrue Holiday,PG,24
Justin Holiday,SG,25
Player,Pos,Age
Ryan Hollins,C,30
Rodney Hood,SG,22
Al Horford,C,28
Dwight Howard,C,29
Lester Hudson,SG,30
Robbie Hummel,SF,25
Kris Humphries,PF,29
Serge Ibaka,PF,25
Andre Iguodala,SF,31
Ersan İlyasova,PF,27
Joe Ingles,SF,27
Kyrie Irving,PG,22
Jarrett Jack,PG,31
Reggie Jackson,PG,24
Reggie Jackson,PG,24
Reggie Jackson,PG,24
Bernard James,C,29
LeBron James,SF,30
Al Jefferson,C,30
Cory Jefferson,PF,24
Richard Jefferson,SF,34
John Jenkins,SG,23
Player,Pos,Age
Brandon Jennings,PG,25
Jonas Jerebko,PF,27
Jonas Jerebko,PF,27
Jonas Jerebko,PF,27
Grant Jerrett,PF,21
Grant Jerrett,PF,21
Grant Jerrett,PF,21
Amir Johnson,PF,27
Chris Johnson,SF,24
Chris Johnson,SF,24
Chris Johnson,SF,24
Chris Johnson,SF,24
James Johnson,PF,27
Joe Johnson,SG,33
Nick Johnson,SG,22
Tyler Johnson,SG,22
Wesley Johnson,SF,27
Dahntay Jones,SF,34
James Jones,SF,34
Perry Jones,SF,23
Terrence Jones,PF,23
DeAndre Jordan,C,26
Jerome Jordan,C,28
Cory Joseph,PG,23
Chris Kaman,C,32
Sergey Karasev,SG,21
Ryan Kelly,PF,23
Player,Pos,Age
Michael Kidd-Gilchrist,SF,21
Sean Kilpatrick,SG,25
Andrei Kirilenko,SF,33
Alex Kirk,C,23
Brandon Knight,PG-SG,23
Brandon Knight,PG,23
Brandon Knight,SG,23
Kyle Korver,SG,33
Kosta Koufos,C,25
Ognjen Kuzmić,C,24
Jeremy Lamb,SG,22
Carl Landry,PF,31
Shane Larkin,PG,22
Joffrey Lauvergne,C,23
Zach LaVine,PG,19
Ty Lawson,PG,27
Ricky Ledo,SG,22
Ricky Ledo,SG,22
Ricky Ledo,SG,22
Courtney Lee,SG,29
David Lee,PF,31
Malcolm Lee,SG,24
Alex Len,C,21
Kawhi Leonard,SF,23
Player,Pos,Age
Meyers Leonard,C,22
Jon Leuer,PF,25
Damian Lillard,PG,24
Jeremy Lin,PG,26
Shaun Livingston,PG,29
Brook Lopez,C,26
Robin Lopez,C,26
Kevin Love,PF,26
Kyle Lowry,PG,28
Kalin Lucas,PG,25
John Lucas III,PG,32
Shelvin Mack,PG,24
Ian Mahinmi,C,28
Devyn Marble,SG,22
Shawn Marion,SF,36
Kendall Marshall,PG,23
Cartier Martin,SF,30
Kenyon Martin,PF,37
Kevin Martin,SG,31
Wesley Matthews,SG,28
Player,Pos,Age
Jason Maxiell,PF,31
O.J. Mayo,SG,27
Luc Mbah a Moute,PF,28
James Michael McAdoo,PF,22
Ray McCallum,PG,23
CJ McCollum,SG,23
K.J. McDaniels,SG,21
K.J. McDaniels,SG,21
K.J. McDaniels,SG,21
Doug McDermott,SF,23
Mitch McGary,PF,22
JaVale McGee,C,27
JaVale McGee,C,27
JaVale McGee,C,27
Ben McLemore,SG,21
Jerel McNeal,PG,27
Josh McRoberts,PF,27
Jodie Meeks,SG,27
Gal Mekel,PG,26
Khris Middleton,SF,23
C.J. Miles,SG,27
Andre Miller,PG,38
Andre Miller,PG,38
Andre Miller,PG,38
Darius Miller,SF,24
Mike Miller,SF,34
Player,Pos,Age
Quincy Miller,PF,22
Quincy Miller,PF,22
Quincy Miller,PF,22
Patty Mills,PG,26
Elijah Millsap,SG,27
Paul Millsap,PF,29
Nikola Mirotić,PF,23
Nazr Mohammed,C,37
Greg Monroe,PF,24
E'Twaun Moore,SG,25
Eric Moreland,PF,23
Darius Morris,PG,24
Marcus Morris,PF,25
Markieff Morris,PF,25
Anthony Morrow,SG,29
Donatas Motiejūnas,PF,24
Timofey Mozgov,C,28
Timofey Mozgov,C,28
Timofey Mozgov,C,28
Shabazz Muhammad,SG,22
Toure' Murry,SG-PG,25
Toure' Murry,PG,25
Toure' Murry,SG,25
Mike Muscala,PF,23
Shabazz Napier,PG,23
Gary Neal,SG,30
Gary Neal,SG,30
Gary Neal,SG,30
Player,Pos,Age
Jameer Nelson,PG,32
Jameer Nelson,PG,32
Jameer Nelson,PG,32
Jameer Nelson,PG,32
Andrew Nicholson,PF,25
Joakim Noah,C,29
Nerlens Noel,C,20
Lucas Nogueira,C,22
Steve Novak,SF-PF,31
Steve Novak,SF,31
Steve Novak,PF,31
Dirk Nowitzki,PF,36
Jusuf Nurkić,C,20
Johnny O'Bryant,PF,21
Kyle O'Quinn,PF,24
Victor Oladipo,SG,22
Kelly Olynyk,C,23
Arinze Onuaku,C,27
Zaza Pachulia,C,30
Kostas Papanikolaou,SF,24
Jannero Pargo,PG,35
Jabari Parker,PF,19
Tony Parker,PG,32
Chandler Parsons,SF,26
Patrick Patterson,PF,25
Player,Pos,Age
Chris Paul,PG,29
Adreian Payne,PF,23
Adreian Payne,PF,23
Adreian Payne,PF,23
Elfrid Payton,PG,20
Nikola Peković,C,29
Kendrick Perkins,C,30
Kendrick Perkins,C,30
Kendrick Perkins,C,30
Paul Pierce*,SF,37
Mason Plumlee,C,24
Miles Plumlee,C,26
Miles Plumlee,C,26
Miles Plumlee,C,26
Quincy Pondexter,SF-SG,26
Quincy Pondexter,SG,26
Quincy Pondexter,SF,26
Otto Porter Jr.,SF,21
Dwight Powell,PF,23
Dwight Powell,PF,23
Dwight Powell,PF,23
Phil Pressey,PG,23
A.J. Price,PG,28
A.J. Price,PG,28
A.J. Price,PG,28
A.J. Price,PG,28
Ronnie Price,PG,31
Pablo Prigioni,PG,37
Pablo Prigioni,PG,37
Pablo Prigioni,PG,37
Tayshaun Prince,SF,34
Tayshaun Prince,SF,34
Tayshaun Prince,SF,34
Tayshaun Prince,SF,34
Miroslav Raduljica,C,27
Julius Randle,PF,20
Shavlik Randolph,PF,31
Shavlik Randolph,PF,31
Shavlik Randolph,PF,31
Zach Randolph,PF,33
Player,Pos,Age
J.J. Redick,SG,30
Glen Rice Jr.,SG,24
Jason Richardson,SG,34
Luke Ridnour,PG,33
Austin Rivers,PG-SG,22
Austin Rivers,SG,22
Austin Rivers,PG,22
Andre Roberson,SG,23
Brian Roberts,PG,29
Glenn Robinson III,SG-SF,21
Glenn Robinson III,SG,21
Glenn Robinson III,SF,21
Nate Robinson,PG,30
Nate Robinson,PG,30
Nate Robinson,PG,30
Thomas Robinson,PF,23
Thomas Robinson,PF,23
Thomas Robinson,PF,23
Rajon Rondo,PG,28
Rajon Rondo,PG,28
Rajon Rondo,PG,28
Derrick Rose,PG,26
Terrence Ross,SF,23
Ricky Rubio,PG,24
Damjan Rudež,SF,28
Brandon Rush,SG,29
Robert Sacre,C,25
John Salmons,SF,35
JaKarr Sampson,SF,21
Larry Sanders,C,26
Player,Pos,Age
Dennis Schröder,PG,21
Luis Scola,PF,34
Mike Scott,PF,26
Thabo Sefolosha,SF,30
Kevin Séraphin,C,25
Ramon Sessions,PG,28
Ramon Sessions,PG,28
Ramon Sessions,PG,28
Iman Shumpert,SG,24
Iman Shumpert,SG,24
Iman Shumpert,SG,24
Alexey Shved,SG,26
Alexey Shved,SG,26
Alexey Shved,SG,26
Alexey Shved,SG,26
Henry Sims,C,24
Kyle Singler,SF,26
Kyle Singler,SF,26
Kyle Singler,SF,26
Donald Sloan,PG,27
Marcus Smart,PG,20
Greg Smith,PF,24
Ish Smith,PG,26
Ish Smith,PG,26
Ish Smith,PG,26
J.R. Smith,SG,29
J.R. Smith,SG,29
J.R. Smith,SG,29
Jason Smith,C,28
Josh Smith,PF,29
Josh Smith,PF,29
Josh Smith,PF,29
Russ Smith,PG,23
Russ Smith,PG,23
Russ Smith,PG,23
Tony Snell,SF,23
Marreese Speights,C,27
Player,Pos,Age
Tiago Splitter,C,30
Nik Stauskas,SG,21
Lance Stephenson,SG,24
Greg Stiemsma,C,29
David Stockton,PG,23
Jarnell Stokes,PF,21
Amar'e Stoudemire,PF,32
Amar'e Stoudemire,PF,32
Amar'e Stoudemire,PF,32
Rodney Stuckey,PG,28
Jared Sullinger,PF,22
Jeff Taylor,SF,25
Jeff Teague,PG,26
Mirza Teletović,PF,29
Sebastian Telfair,PG,29
Garrett Temple,SG,28
Jason Terry,SG,37
Isaiah Thomas,PG,25
Isaiah Thomas,PG,25
Isaiah Thomas,PG,25
Lance Thomas,PF-SF,26
Lance Thomas,SF,26
Lance Thomas,PF,26
Malcolm Thomas,PF,26
Tyrus Thomas,PF,28
Hollis Thompson,SG,23
Player,Pos,Age
Jason Thompson,PF,28
Klay Thompson,SG,24
Tristan Thompson,PF,23
Marcus Thornton,SG,27
Marcus Thornton,SG,27
Marcus Thornton,SG,27
Anthony Tolliver,PF,29
Anthony Tolliver,PF,29
Anthony Tolliver,PF,29
P.J. Tucker,SF,29
Ronny Turiaf,C,32
Hedo Türkoğlu,SF,35
Evan Turner,SG,26
Ekpe Udoh,PF,27
Beno Udrih,PG,32
Jonas Valančiūnas,C,22
Anderson Varejão,C,32
Greivis Vásquez,PG,28
Charlie Villanueva,PF,30
Noah Vonleh,PF,19
Nikola Vučević,C,24
Dwyane Wade,SG,33
Dion Waiters,SG,23
Dion Waiters,SG,23
Dion Waiters,SG,23
Henry Walker,SF,27
Player,Pos,Age
Kemba Walker,PG,24
John Wall,PG,24
Gerald Wallace,SF,32
T.J. Warren,SF,21
C.J. Watson,PG,30
David Wear,PF,24
Travis Wear,SF,24
Martell Webster,SF,28
David West,PF,34
Russell Westbrook,PG,26
Hassan Whiteside,C,25
Shayne Whittington,PF,23
Andrew Wiggins,SF,19
C.J. Wilcox,SG,24
Deron Williams,PG,30
Derrick Williams,PF,23
Elliot Williams,SG,25
Elliot Williams,SG,25
Elliot Williams,SG,25
Lou Williams,SG,28
Marvin Williams,PF,28
Mo Williams,PG,32
Mo Williams,PG,32
Mo Williams,PG,32
Player,Pos,Age
Reggie Williams,SF,28
Shawne Williams,SF,28
Shawne Williams,SF,28
Shawne Williams,SF,28
Jeff Withey,C,24
Nate Wolters,PG,23
Nate Wolters,PG,23
Nate Wolters,PG,23
Brandan Wright,PF,27
Brandan Wright,PF,27
Brandan Wright,PF,27
Brandan Wright,PF,27
Dorell Wright,SF,29
Tony Wroten,PG,21
James Young,SG,19
Nick Young,SG,29
Thaddeus Young,PF,26
Thaddeus Young,PF,26
Thaddeus Young,PF,26
Cody Zeller,C,22
Tyler Zeller,C,25
